{
  "context": {
    "build": {
      "brand": "google",
      "device": "sunfish",
      "fingerprint": "google/sunfish/sunfish:13/TQ3A.230805.001.S1/10786265:user/release-keys",
      "model": "Pixel 4a",
      "version": {
        "sdk": 33
      }
    },
    "cpuCoreCount": 8,
    "cpuLocked": true,
    "cpuMaxFreqHz": 2208000000,
    "memTotalBytes": 5865099264,
    "sustainedPerformanceModeEnabled": false
  },
  "benchmarks": [
    {
      "name": "composeTargetFinderBenchmark",
      "params": {},
      "className": "sh.measure.benchmark.ComposeTargetFinderBenchmark",
      "totalRunTimeNs": 269022890446,
      "metrics": {
        "msr-click-getTargetCount": {
          "minimum": 3.0,
          "maximum": 3.0,
          "median": 3.0,
          "runs": [
            3.0,
            3.0,
            3.0,
            3.0,
            3.0,
            3.0,
            3.0,
            3.0,
            3.0,
            3.0,
            3.0,
            3.0,
            3.0,
            3.0,
            3.0,
            3.0,
            3.0,
            3.0,
            3.0,
            3.0,
            3.0,
            3.0,
            3.0,
            3.0,
            3.0,
            3.0,
            3.0,
            3.0,
            3.0,
            3.0,
            3.0,
            3.0,
            3.0,
            3.0,
            3.0,
            3.0,
            3.0,
            3.0,
            3.0,
            3.0,
            3.0,
            3.0,
            3.0,
            3.0,
            3.0,
            3.0,
            3.0,
            3.0,
            3.0,
            3.0
          ]
        },
        "msr-click-getTargetMs": {
          "minimum": 1.063229,
          "maximum": 1.631875,
          "median": 1.3340105,
          "runs": [
            1.590313,
            1.254219,
            1.364636,
            1.401406,
            1.377499,
            1.357188,
            1.358229,
            1.342708,
            1.435938,
            1.068595,
            1.197656,
            1.416146,
            1.190105,
            1.323906,
            1.328073,
            1.352603,
            1.339948,
            1.272396,
            1.631875,
            1.366094,
            1.346094,
            1.308073,
            1.063229,
            1.523698,
            1.240312,
            1.342084,
            1.213802,
            1.346094,
            1.285886,
            1.534896,
            1.499374,
            1.37099,
            1.352085,
            1.361147,
            1.110624,
            1.224843,
            1.177084,
            1.383489,
            1.412605,
            1.279792,
            1.366301,
            1.201093,
            1.160625,
            1.117658,
            1.165053,
            1.086563,
            1.289948,
            1.31,
            1.205522,
            1.265938
          ]
        }
      },
      "sampledMetrics": {},
      "warmupIterations": 0,
      "repeatIterations": 50,
      "thermalThrottleSleepSeconds": 0
    }
  ]
}